sample	ORF1a:M85-	ORF1a:V1143F	ORF1a:A1306S	ORF1a:Q1784H	ORF1a:L1853F	ORF1a:P2046L	ORF1a:H2125Y	ORF1a:S2242F	ORF1a:P2287S	ORF1a:A2554V	ORF1a:T2823I	ORF1a:V2930L	ORF1a:L3116F	ORF1a:T3255I	ORF1a:L3606F	ORF1a:T3646A	ORF1b:S69F	ORF1b:F183V	ORF1b:P314L	ORF1b:G662S	ORF1b:P1000L	ORF1b:H1087Y	ORF1b:I1498V	ORF1b:A1918V	S:T19R	S:T22I	S:A27V	S:E156-	S:F157-	S:R158G	S:L452R	S:T478K	S:D614G	S:P681R	S:D950N	S:G1085R	ORF3a:T12I	ORF3a:S26L	ORF3a:R134H	M:I82T	ORF7a:T39I	ORF7a:V82A	ORF7a:T120I	ORF7b:L4F	ORF7b:T40I	ORF8:L60-	ORF8:L60F	ORF8:C61-	ORF8:V62-	ORF8:D63-	ORF8:E64-	ORF8:A65-	ORF8:G66-	ORF8:S67F	ORF8:K68*	ORF8:D119-	ORF8:F120-	N:D63G	N:R203M	N:G215C	N:D377Y	ORF9b:T60A
MZ839391.1	-	-	ORF1a	-	-	ORF1a	ORF1a	-	ORF1a	ORF1a	-	ORF1a	-	ORF1a	-	ORF1a	ORF1b	ORF1b	ORF1b	ORF1b	ORF1b	ORF1b	-	ORF1b	S	-	-	*No Coverage	*No Coverage	*No Coverage	S	S	S	S	S	S	-	ORF3a	ORF3a	M	-	ORF7a	ORF7a	-	ORF7b	-	ORF8	-	-	-	-	-	-	-	-	ORF8	ORF8	N	N	N	N	ORF9b
USA/CT-Yale-12907/2021	-	-	ORF1a	-	-	ORF1a	ORF1a	*No Coverage	ORF1a	ORF1a	-	ORF1a	-	ORF1a	-	ORF1a	ORF1b	ORF1b	ORF1b	ORF1b	ORF1b	ORF1b	-	ORF1b	S	-	-	S	S	S	S	S	S	S	S	S	-	ORF3a	ORF3a	M	-	ORF7a	ORF7a	-	ORF7b	-	ORF8	-	-	-	-	-	-	-	-	ORF8	ORF8	N	N	N	N	ORF9b
MZ778136.1	-	-	ORF1a	-	-	ORF1a	ORF1a	-	ORF1a	ORF1a	-	ORF1a	-	ORF1a	-	ORF1a	ORF1b	ORF1b	ORF1b	ORF1b	ORF1b	ORF1b	-	ORF1b	S	-	-	S	S	S	S	S	S	S	S	S	-	ORF3a	ORF3a	M	-	ORF7a	ORF7a	-	ORF7b	-	ORF8	-	-	-	-	-	-	-	-	ORF8	ORF8	N	N	N	N	ORF9b
QC-4205	-	ORF1a	ORF1a	ORF1a	ORF1a	ORF1a	ORF1a	ORF1a	ORF1a	ORF1a	ORF1a	ORF1a	ORF1a	ORF1a	ORF1a	ORF1a	ORF1b	ORF1b	ORF1b	ORF1b	ORF1b	ORF1b	ORF1b	ORF1b	S	S	-	S	S	S	S	S	S	S	S	S	ORF3a	ORF3a	ORF3a	M	ORF7a	ORF7a	ORF7a	ORF7b	ORF7b	ORF8	-	ORF8	ORF8	ORF8	ORF8	ORF8	ORF8	ORF8	ORF8	ORF8	ORF8	N	N	N	N	ORF9b
MZ801696.1	-	-	ORF1a	-	-	ORF1a	ORF1a	-	ORF1a	ORF1a	-	ORF1a	-	ORF1a	-	ORF1a	ORF1b	ORF1b	ORF1b	ORF1b	ORF1b	ORF1b	-	ORF1b	S	-	-	S	S	S	S	S	S	S	S	S	-	ORF3a	ORF3a	M	-	ORF7a	ORF7a	-	ORF7b	-	ORF8	-	-	-	-	-	-	-	-	ORF8	ORF8	N	N	N	N	ORF9b
MZ831171.1	-	-	ORF1a	-	-	ORF1a	ORF1a	-	ORF1a	ORF1a	-	ORF1a	-	ORF1a	-	ORF1a	ORF1b	ORF1b	ORF1b	ORF1b	ORF1b	ORF1b	-	ORF1b	S	-	-	*No Coverage	*No Coverage	*No Coverage	S	S	S	S	S	S	-	ORF3a	ORF3a	M	-	ORF7a	ORF7a	-	ORF7b	-	ORF8	-	-	-	-	-	-	-	-	ORF8	ORF8	N	N	N	N	ORF9b
MZ831164.1	-	-	ORF1a	-	-	ORF1a	ORF1a	*No Coverage	ORF1a	ORF1a	-	ORF1a	-	ORF1a	-	ORF1a	ORF1b	ORF1b	ORF1b	ORF1b	ORF1b	ORF1b	-	ORF1b	S	-	-	*No Coverage	*No Coverage	*No Coverage	S	S	S	S	S	S	-	ORF3a	ORF3a	M	-	ORF7a	ORF7a	-	ORF7b	-	ORF8	-	-	-	-	-	-	-	-	ORF8	ORF8	N	N	N	N	ORF9b
MZ778090.1	-	-	ORF1a	-	-	ORF1a	ORF1a	-	ORF1a	ORF1a	-	ORF1a	-	ORF1a	-	ORF1a	ORF1b	ORF1b	ORF1b	ORF1b	ORF1b	ORF1b	-	ORF1b	S	-	-	S	S	S	S	S	S	S	S	S	-	ORF3a	ORF3a	M	-	ORF7a	ORF7a	-	ORF7b	-	ORF8	-	-	-	-	-	-	-	-	ORF8	ORF8	N	N	N	N	ORF9b
QC-4249	-	-	ORF1a	ORF1a	-	ORF1a	ORF1a	-	ORF1a	ORF1a	-	ORF1a	-	ORF1a	-	ORF1a	ORF1b	ORF1b	ORF1b	ORF1b	ORF1b	ORF1b	-	ORF1b	S	-	-	S	S	S	S	S	S	S	S	S	-	ORF3a	ORF3a	M	-	ORF7a	ORF7a	-	ORF7b	-	ORF8	-	-	-	-	-	-	-	-	ORF8	ORF8	N	N	N	N	ORF9b
MZ831138.1	-	-	ORF1a	-	-	ORF1a	ORF1a	*No Coverage	ORF1a	ORF1a	-	ORF1a	-	ORF1a	-	ORF1a	ORF1b	ORF1b	ORF1b	ORF1b	ORF1b	ORF1b	-	ORF1b	S	-	-	*No Coverage	*No Coverage	*No Coverage	S	S	S	S	S	S	-	ORF3a	ORF3a	M	-	ORF7a	ORF7a	-	ORF7b	-	ORF8	-	-	-	-	-	-	-	-	ORF8	ORF8	N	N	N	N	ORF9b
Canada/QC-L00415260001B/2021	-	ORF1a	ORF1a	ORF1a	-	ORF1a	ORF1a	ORF1a	ORF1a	ORF1a	ORF1a	ORF1a	-	ORF1a	-	ORF1a	ORF1b	ORF1b	ORF1b	ORF1b	ORF1b	ORF1b	ORF1b	ORF1b	S	S	-	S	S	S	S	S	S	S	S	S	-	ORF3a	ORF3a	M	ORF7a	ORF7a	ORF7a	-	ORF7b	-	ORF8	-	-	-	-	-	-	-	-	ORF8	ORF8	N	N	N	*No Coverage	ORF9b
MZ831124.1	-	-	ORF1a	-	-	ORF1a	ORF1a	*No Coverage	ORF1a	ORF1a	-	ORF1a	-	ORF1a	-	ORF1a	ORF1b	ORF1b	ORF1b	ORF1b	ORF1b	ORF1b	-	ORF1b	S	-	-	*No Coverage	*No Coverage	*No Coverage	S	S	S	S	S	S	-	ORF3a	ORF3a	M	-	ORF7a	ORF7a	-	ORF7b	-	ORF8	-	-	-	-	-	-	-	-	ORF8	ORF8	N	N	N	N	ORF9b
MZ831153.1	-	-	ORF1a	-	-	ORF1a	ORF1a	*No Coverage	ORF1a	ORF1a	-	ORF1a	-	ORF1a	-	ORF1a	ORF1b	ORF1b	ORF1b	ORF1b	ORF1b	ORF1b	-	ORF1b	S	-	-	S	S	S	S	S	S	S	S	S	-	ORF3a	ORF3a	M	-	ORF7a	ORF7a	-	ORF7b	-	ORF8	-	-	-	-	-	-	-	-	ORF8	ORF8	N	N	N	N	ORF9b
MZ831131.1	-	-	ORF1a	-	-	ORF1a	ORF1a	*No Coverage	ORF1a	ORF1a	-	ORF1a	-	ORF1a	-	ORF1a	ORF1b	ORF1b	ORF1b	ORF1b	ORF1b	ORF1b	-	*No Coverage	S	-	-	*No Coverage	*No Coverage	*No Coverage	S	S	S	S	S	S	-	ORF3a	ORF3a	M	-	ORF7a	ORF7a	-	ORF7b	-	ORF8	-	-	-	-	-	-	-	-	ORF8	ORF8	N	N	N	N	ORF9b
QC-4055	-	ORF1a	ORF1a	ORF1a	-	ORF1a	ORF1a	-	ORF1a	ORF1a	-	ORF1a	-	ORF1a	-	ORF1a	ORF1b	ORF1b	ORF1b	ORF1b	ORF1b	ORF1b	-	ORF1b	S	S	S	S	S	S	S	S	S	S	S	S	-	ORF3a	ORF3a	M	-	ORF7a	ORF7a	-	ORF7b	-	ORF8	-	-	-	-	-	-	-	-	ORF8	ORF8	N	N	N	N	ORF9b
QC-4204	ORF1a	*No Coverage	ORF1a	ORF1a	-	*No Coverage	ORF1a	ORF1a	*No Coverage	ORF1a	*No Coverage	ORF1a	-	ORF1a	-	ORF1a	ORF1b	ORF1b	ORF1b	ORF1b	ORF1b	ORF1b	*No Coverage	*No Coverage	S	S	-	*No Coverage	*No Coverage	*No Coverage	*No Coverage	*No Coverage	S	S	S	S	-	ORF3a	*No Coverage	M	ORF7a	*No Coverage	*No Coverage	*No Coverage	*No Coverage	*No Coverage	*No Coverage	*No Coverage	*No Coverage	*No Coverage	*No Coverage	*No Coverage	*No Coverage	*No Coverage	*No Coverage	*No Coverage	*No Coverage	N	N	N	N	ORF9b
MZ839428.1	-	-	ORF1a	-	-	ORF1a	ORF1a	-	ORF1a	ORF1a	-	ORF1a	-	ORF1a	-	ORF1a	ORF1b	ORF1b	ORF1b	ORF1b	ORF1b	ORF1b	-	ORF1b	S	-	-	S	S	S	S	S	S	S	S	S	-	ORF3a	ORF3a	M	-	ORF7a	ORF7a	-	ORF7b	-	ORF8	-	-	-	-	-	-	-	-	ORF8	ORF8	N	N	N	N	ORF9b
MZ839452.1	-	-	ORF1a	-	-	ORF1a	ORF1a	-	ORF1a	ORF1a	-	ORF1a	-	ORF1a	-	ORF1a	ORF1b	ORF1b	ORF1b	ORF1b	ORF1b	ORF1b	-	ORF1b	S	-	-	S	S	S	S	S	S	S	S	S	-	ORF3a	ORF3a	M	-	ORF7a	ORF7a	-	ORF7b	-	ORF8	-	-	-	-	-	-	-	-	ORF8	ORF8	N	N	N	N	ORF9b
MZ839443.1	-	-	ORF1a	-	-	ORF1a	ORF1a	-	ORF1a	ORF1a	-	ORF1a	-	ORF1a	-	ORF1a	ORF1b	ORF1b	ORF1b	ORF1b	ORF1b	ORF1b	-	ORF1b	S	-	-	*No Coverage	*No Coverage	*No Coverage	S	S	S	S	S	S	-	ORF3a	ORF3a	M	-	ORF7a	ORF7a	-	ORF7b	-	ORF8	-	-	-	-	-	-	-	-	ORF8	ORF8	N	N	N	N	ORF9b
MZ839450.1	-	-	ORF1a	-	-	ORF1a	ORF1a	-	ORF1a	ORF1a	-	ORF1a	-	ORF1a	-	ORF1a	ORF1b	ORF1b	ORF1b	ORF1b	ORF1b	ORF1b	-	ORF1b	S	-	-	S	S	S	S	S	S	S	S	S	-	ORF3a	ORF3a	M	-	ORF7a	ORF7a	-	ORF7b	-	ORF8	-	-	-	-	-	-	-	-	ORF8	ORF8	N	N	N	N	ORF9b
MZ934287.1	-	-	ORF1a	-	-	ORF1a	ORF1a	-	ORF1a	ORF1a	-	ORF1a	-	ORF1a	-	ORF1a	ORF1b	ORF1b	ORF1b	ORF1b	ORF1b	ORF1b	-	ORF1b	S	-	-	S	S	S	S	S	S	S	S	S	-	ORF3a	ORF3a	M	-	ORF7a	ORF7a	-	ORF7b	-	ORF8	-	-	-	-	-	-	-	-	ORF8	ORF8	N	N	N	N	ORF9b
MZ934210.1	-	-	ORF1a	-	-	ORF1a	ORF1a	-	ORF1a	ORF1a	-	ORF1a	-	ORF1a	-	ORF1a	ORF1b	ORF1b	ORF1b	ORF1b	ORF1b	ORF1b	-	ORF1b	S	-	-	S	S	S	S	S	S	S	S	S	-	ORF3a	ORF3a	M	-	ORF7a	ORF7a	-	ORF7b	-	ORF8	-	-	-	-	-	-	-	-	ORF8	ORF8	N	N	N	N	ORF9b
MZ934236.1	-	-	ORF1a	-	-	ORF1a	ORF1a	-	ORF1a	ORF1a	-	ORF1a	-	ORF1a	-	ORF1a	ORF1b	ORF1b	ORF1b	ORF1b	ORF1b	ORF1b	-	ORF1b	S	-	-	*No Coverage	*No Coverage	*No Coverage	S	S	S	S	S	S	-	ORF3a	ORF3a	M	-	ORF7a	ORF7a	-	ORF7b	-	ORF8	-	-	-	-	-	-	-	-	ORF8	ORF8	N	N	N	N	ORF9b
MZ934190.1	-	-	ORF1a	-	-	ORF1a	ORF1a	-	ORF1a	ORF1a	-	ORF1a	-	ORF1a	-	ORF1a	ORF1b	ORF1b	ORF1b	ORF1b	ORF1b	ORF1b	-	ORF1b	S	-	-	*No Coverage	*No Coverage	*No Coverage	S	S	S	S	S	S	-	ORF3a	ORF3a	M	-	ORF7a	ORF7a	-	ORF7b	-	ORF8	-	-	-	-	-	-	-	-	ORF8	ORF8	N	N	N	N	ORF9b
MZ948705.1	-	-	ORF1a	-	-	ORF1a	ORF1a	-	ORF1a	ORF1a	-	ORF1a	-	ORF1a	-	ORF1a	ORF1b	ORF1b	ORF1b	ORF1b	ORF1b	ORF1b	-	ORF1b	S	-	-	S	S	S	S	S	S	S	S	S	-	ORF3a	ORF3a	M	-	ORF7a	ORF7a	-	ORF7b	-	ORF8	-	-	-	-	-	-	-	-	ORF8	ORF8	N	N	N	N	ORF9b
MZ934302.1	-	-	ORF1a	-	-	ORF1a	ORF1a	-	ORF1a	ORF1a	-	ORF1a	-	ORF1a	-	ORF1a	ORF1b	ORF1b	ORF1b	ORF1b	ORF1b	ORF1b	-	ORF1b	S	-	-	*No Coverage	*No Coverage	*No Coverage	S	S	S	S	S	S	-	ORF3a	ORF3a	M	-	ORF7a	ORF7a	-	ORF7b	-	ORF8	-	-	-	-	-	-	-	-	ORF8	ORF8	N	N	N	N	ORF9b
MZ934268.1	-	-	ORF1a	-	-	ORF1a	ORF1a	-	ORF1a	ORF1a	-	ORF1a	-	ORF1a	-	ORF1a	ORF1b	ORF1b	ORF1b	ORF1b	ORF1b	ORF1b	-	ORF1b	S	-	-	S	S	S	S	S	S	S	S	S	-	ORF3a	ORF3a	M	-	ORF7a	ORF7a	-	ORF7b	-	ORF8	-	-	-	-	-	-	-	-	ORF8	ORF8	N	N	N	N	ORF9b
MZ934251.1	-	-	ORF1a	-	-	ORF1a	ORF1a	-	ORF1a	ORF1a	-	ORF1a	-	ORF1a	-	ORF1a	ORF1b	ORF1b	ORF1b	ORF1b	ORF1b	ORF1b	-	ORF1b	S	-	-	*No Coverage	*No Coverage	*No Coverage	S	S	S	S	S	S	-	ORF3a	ORF3a	M	-	ORF7a	ORF7a	-	ORF7b	-	ORF8	-	-	-	-	-	-	-	-	ORF8	ORF8	N	N	N	N	ORF9b
MZ948751.1	-	-	ORF1a	-	-	ORF1a	ORF1a	-	ORF1a	ORF1a	-	ORF1a	-	ORF1a	-	ORF1a	ORF1b	ORF1b	ORF1b	ORF1b	ORF1b	ORF1b	-	ORF1b	S	-	-	S	S	S	S	S	S	S	S	S	-	ORF3a	ORF3a	M	-	ORF7a	ORF7a	-	ORF7b	-	ORF8	-	-	-	-	-	-	-	-	ORF8	ORF8	N	N	N	N	ORF9b
MZ948766.1	-	-	ORF1a	-	-	ORF1a	ORF1a	-	ORF1a	ORF1a	-	ORF1a	-	ORF1a	-	ORF1a	ORF1b	ORF1b	ORF1b	ORF1b	ORF1b	ORF1b	-	ORF1b	S	-	-	S	S	S	S	S	S	S	S	S	-	ORF3a	ORF3a	M	-	ORF7a	ORF7a	-	ORF7b	-	ORF8	-	-	-	-	-	-	-	-	ORF8	ORF8	N	N	N	N	ORF9b
MZ948772.1	-	-	ORF1a	-	-	ORF1a	ORF1a	*No Coverage	ORF1a	ORF1a	-	ORF1a	-	ORF1a	-	ORF1a	ORF1b	ORF1b	ORF1b	ORF1b	ORF1b	ORF1b	-	ORF1b	S	-	-	S	S	S	S	S	S	S	S	S	-	ORF3a	ORF3a	M	-	ORF7a	ORF7a	-	ORF7b	-	ORF8	-	-	-	-	-	-	-	-	ORF8	ORF8	N	N	N	N	ORF9b
MZ948729.1	-	-	ORF1a	-	-	ORF1a	ORF1a	-	ORF1a	ORF1a	-	ORF1a	-	ORF1a	-	ORF1a	ORF1b	ORF1b	ORF1b	ORF1b	ORF1b	ORF1b	-	ORF1b	S	-	-	S	S	S	S	S	S	S	S	S	-	ORF3a	ORF3a	M	-	ORF7a	ORF7a	-	ORF7b	-	ORF8	-	-	-	-	-	-	-	-	ORF8	ORF8	N	N	N	N	ORF9b
MZ948796.1	-	-	ORF1a	-	-	ORF1a	ORF1a	-	ORF1a	ORF1a	-	ORF1a	-	ORF1a	-	ORF1a	ORF1b	ORF1b	ORF1b	ORF1b	ORF1b	ORF1b	-	ORF1b	S	-	-	S	S	S	S	S	S	S	S	S	-	ORF3a	ORF3a	M	-	ORF7a	ORF7a	-	ORF7b	-	ORF8	-	-	-	-	-	-	-	-	ORF8	ORF8	N	N	N	N	ORF9b
MZ983349.1	-	-	ORF1a	-	-	ORF1a	ORF1a	-	ORF1a	ORF1a	-	ORF1a	-	ORF1a	-	ORF1a	ORF1b	ORF1b	ORF1b	ORF1b	ORF1b	ORF1b	-	ORF1b	S	-	-	S	S	S	S	S	S	S	S	S	-	ORF3a	ORF3a	M	-	ORF7a	ORF7a	-	ORF7b	-	ORF8	-	-	-	-	-	-	-	-	ORF8	ORF8	N	N	N	N	ORF9b
MZ983317.1	-	-	ORF1a	-	-	ORF1a	ORF1a	-	ORF1a	ORF1a	-	ORF1a	-	ORF1a	-	ORF1a	ORF1b	ORF1b	ORF1b	ORF1b	ORF1b	ORF1b	-	ORF1b	S	-	-	*No Coverage	*No Coverage	*No Coverage	S	S	S	S	S	S	-	ORF3a	ORF3a	M	-	ORF7a	ORF7a	-	ORF7b	-	ORF8	-	-	-	-	-	-	-	-	ORF8	ORF8	N	N	N	N	ORF9b
OK034569.1	-	-	ORF1a	-	-	ORF1a	ORF1a	-	ORF1a	ORF1a	-	ORF1a	-	ORF1a	-	ORF1a	ORF1b	ORF1b	ORF1b	ORF1b	ORF1b	ORF1b	-	ORF1b	S	-	-	S	S	S	S	S	S	S	S	S	-	ORF3a	ORF3a	M	-	ORF7a	ORF7a	-	ORF7b	-	ORF8	-	-	-	-	-	-	-	-	ORF8	ORF8	N	N	N	N	ORF9b
OK021524.1	-	-	ORF1a	-	-	ORF1a	ORF1a	-	ORF1a	ORF1a	-	ORF1a	-	ORF1a	-	ORF1a	ORF1b	ORF1b	ORF1b	ORF1b	ORF1b	ORF1b	-	ORF1b	S	-	-	S	S	S	S	S	S	S	S	S	-	ORF3a	ORF3a	M	-	ORF7a	ORF7a	-	ORF7b	-	ORF8	-	-	-	-	-	-	-	-	ORF8	ORF8	N	N	N	N	ORF9b
OK020938.1	-	-	ORF1a	-	-	ORF1a	ORF1a	-	ORF1a	ORF1a	-	ORF1a	-	ORF1a	-	ORF1a	ORF1b	ORF1b	ORF1b	ORF1b	ORF1b	ORF1b	-	ORF1b	S	-	-	S	S	S	S	S	S	S	S	S	-	ORF3a	ORF3a	M	-	ORF7a	ORF7a	-	ORF7b	-	ORF8	-	-	-	-	-	-	-	-	ORF8	ORF8	N	N	N	N	ORF9b
OK035123.1	-	-	ORF1a	-	-	ORF1a	ORF1a	-	ORF1a	ORF1a	-	ORF1a	-	ORF1a	-	ORF1a	ORF1b	ORF1b	ORF1b	ORF1b	ORF1b	ORF1b	-	ORF1b	S	-	-	S	S	S	S	S	S	S	S	S	-	ORF3a	ORF3a	M	-	ORF7a	ORF7a	-	ORF7b	-	ORF8	-	-	-	-	-	-	-	-	ORF8	ORF8	N	N	N	N	ORF9b
OK035053.1	-	-	ORF1a	-	-	ORF1a	ORF1a	-	ORF1a	ORF1a	-	ORF1a	-	ORF1a	-	ORF1a	ORF1b	ORF1b	ORF1b	ORF1b	ORF1b	ORF1b	-	ORF1b	S	-	-	S	S	S	S	S	S	S	S	S	-	ORF3a	ORF3a	M	-	ORF7a	ORF7a	-	ORF7b	-	ORF8	-	-	-	-	-	-	-	-	ORF8	ORF8	N	N	N	N	ORF9b
OK088791.1	-	-	ORF1a	-	-	ORF1a	ORF1a	-	ORF1a	ORF1a	-	ORF1a	-	ORF1a	-	ORF1a	ORF1b	ORF1b	ORF1b	ORF1b	ORF1b	ORF1b	-	ORF1b	S	-	-	S	S	S	S	S	S	S	S	S	-	ORF3a	ORF3a	M	-	ORF7a	ORF7a	-	ORF7b	-	ORF8	-	-	-	-	-	-	-	-	ORF8	ORF8	N	N	N	N	ORF9b
OK021503.1	-	-	ORF1a	-	-	ORF1a	ORF1a	-	ORF1a	ORF1a	-	ORF1a	-	ORF1a	-	ORF1a	ORF1b	ORF1b	ORF1b	ORF1b	ORF1b	ORF1b	-	ORF1b	S	-	-	S	S	S	S	S	S	S	S	S	-	ORF3a	ORF3a	M	-	ORF7a	ORF7a	-	ORF7b	-	ORF8	-	-	-	-	-	-	-	-	ORF8	ORF8	N	N	N	N	ORF9b
OK035071.1	-	-	ORF1a	-	-	ORF1a	ORF1a	-	ORF1a	ORF1a	-	ORF1a	-	ORF1a	-	ORF1a	ORF1b	ORF1b	ORF1b	ORF1b	ORF1b	ORF1b	-	ORF1b	S	-	-	S	S	S	S	S	S	S	S	S	-	ORF3a	ORF3a	M	-	ORF7a	*No Coverage	*No Coverage	ORF7b	-	ORF8	-	-	-	-	-	-	-	-	ORF8	ORF8	N	N	N	N	ORF9b
MZ983352.1	-	-	ORF1a	-	-	ORF1a	ORF1a	-	ORF1a	ORF1a	-	ORF1a	-	ORF1a	-	ORF1a	ORF1b	ORF1b	ORF1b	ORF1b	ORF1b	ORF1b	-	ORF1b	S	-	-	*No Coverage	*No Coverage	*No Coverage	S	S	S	S	S	S	-	ORF3a	ORF3a	M	-	ORF7a	ORF7a	-	ORF7b	-	ORF8	-	-	-	-	-	-	-	-	ORF8	ORF8	N	N	N	N	ORF9b
OK088240.1	-	-	ORF1a	-	-	ORF1a	ORF1a	-	ORF1a	ORF1a	-	ORF1a	-	ORF1a	-	ORF1a	ORF1b	ORF1b	ORF1b	ORF1b	ORF1b	ORF1b	-	ORF1b	S	-	-	S	S	S	S	S	S	S	S	S	-	ORF3a	ORF3a	M	-	ORF7a	ORF7a	-	ORF7b	-	ORF8	-	-	-	-	-	-	-	-	ORF8	ORF8	N	N	N	N	ORF9b
OK035160.1	-	-	ORF1a	-	-	ORF1a	ORF1a	-	ORF1a	ORF1a	-	ORF1a	-	ORF1a	-	ORF1a	ORF1b	ORF1b	ORF1b	ORF1b	ORF1b	ORF1b	-	ORF1b	S	-	-	S	S	S	S	S	S	S	S	S	-	ORF3a	ORF3a	M	-	ORF7a	ORF7a	-	ORF7b	-	ORF8	-	-	-	-	-	-	-	-	ORF8	ORF8	N	N	N	N	ORF9b
OK036272.1	-	-	ORF1a	-	-	ORF1a	ORF1a	-	ORF1a	ORF1a	-	ORF1a	-	ORF1a	-	ORF1a	ORF1b	ORF1b	ORF1b	ORF1b	ORF1b	ORF1b	-	ORF1b	S	-	-	S	S	S	S	S	S	S	S	S	-	ORF3a	ORF3a	M	-	ORF7a	ORF7a	-	ORF7b	-	ORF8	-	-	-	-	-	-	-	-	ORF8	ORF8	N	N	N	N	ORF9b
OK035176.1	-	-	ORF1a	-	-	ORF1a	ORF1a	-	ORF1a	ORF1a	-	ORF1a	-	ORF1a	-	ORF1a	ORF1b	ORF1b	ORF1b	ORF1b	ORF1b	ORF1b	-	ORF1b	S	-	-	S	S	S	S	S	S	S	S	S	-	ORF3a	ORF3a	M	-	ORF7a	ORF7a	-	ORF7b	-	ORF8	-	-	-	-	-	-	-	-	ORF8	ORF8	N	N	N	N	ORF9b
OK089361.1	-	-	ORF1a	-	-	ORF1a	ORF1a	-	ORF1a	ORF1a	-	ORF1a	-	ORF1a	-	ORF1a	ORF1b	ORF1b	ORF1b	ORF1b	ORF1b	ORF1b	-	ORF1b	S	-	-	S	S	S	S	S	S	S	S	S	-	ORF3a	ORF3a	M	-	ORF7a	ORF7a	-	ORF7b	-	ORF8	-	-	-	-	-	-	-	-	ORF8	ORF8	N	N	N	N	ORF9b
OK089307.1	-	-	ORF1a	-	-	ORF1a	ORF1a	-	ORF1a	ORF1a	-	ORF1a	-	ORF1a	-	ORF1a	ORF1b	ORF1b	ORF1b	ORF1b	ORF1b	ORF1b	-	ORF1b	S	-	-	S	S	S	S	S	S	S	S	S	-	ORF3a	ORF3a	M	-	ORF7a	ORF7a	-	ORF7b	-	ORF8	-	-	-	-	-	-	-	-	ORF8	ORF8	N	N	N	N	ORF9b
OK176181.1	-	*No Coverage	ORF1a	-	-	ORF1a	ORF1a	*No Coverage	ORF1a	ORF1a	-	ORF1a	-	ORF1a	*No Coverage	ORF1a	ORF1b	ORF1b	ORF1b	ORF1b	ORF1b	ORF1b	-	ORF1b	S	-	-	S	S	S	S	S	S	S	S	S	-	ORF3a	ORF3a	M	-	ORF7a	*No Coverage	*No Coverage	ORF7b	-	ORF8	-	-	-	-	-	-	-	-	ORF8	ORF8	N	N	N	N	ORF9b
OK089306.1	-	-	ORF1a	-	-	ORF1a	ORF1a	-	ORF1a	ORF1a	-	ORF1a	-	ORF1a	-	ORF1a	ORF1b	ORF1b	ORF1b	ORF1b	ORF1b	ORF1b	-	ORF1b	S	-	-	S	S	S	S	S	S	S	S	S	-	ORF3a	ORF3a	M	-	ORF7a	ORF7a	-	ORF7b	-	ORF8	-	-	-	-	-	-	-	-	ORF8	ORF8	N	N	N	N	ORF9b
OK119356.1	-	-	ORF1a	-	-	ORF1a	ORF1a	-	ORF1a	ORF1a	-	ORF1a	-	ORF1a	-	ORF1a	ORF1b	ORF1b	ORF1b	ORF1b	ORF1b	ORF1b	-	ORF1b	S	-	-	S	S	S	S	S	S	S	S	S	-	ORF3a	ORF3a	M	-	ORF7a	ORF7a	-	ORF7b	-	ORF8	-	-	-	-	-	-	-	-	ORF8	ORF8	N	N	N	N	ORF9b
OK177765.1	-	-	ORF1a	-	-	ORF1a	ORF1a	-	ORF1a	ORF1a	-	ORF1a	-	ORF1a	-	ORF1a	ORF1b	ORF1b	ORF1b	ORF1b	ORF1b	ORF1b	-	ORF1b	S	-	-	S	S	S	S	S	S	S	S	S	-	ORF3a	ORF3a	M	-	ORF7a	ORF7a	-	ORF7b	-	ORF8	-	-	-	-	-	-	-	-	ORF8	ORF8	N	N	N	N	ORF9b
OK276436.1	-	-	ORF1a	-	-	ORF1a	ORF1a	-	ORF1a	ORF1a	-	ORF1a	-	ORF1a	-	ORF1a	ORF1b	ORF1b	ORF1b	ORF1b	ORF1b	ORF1b	-	ORF1b	S	-	-	S	S	S	S	S	S	S	S	S	-	ORF3a	ORF3a	M	-	ORF7a	ORF7a	-	ORF7b	-	ORF8	-	-	-	-	-	-	-	-	ORF8	ORF8	N	N	N	N	ORF9b
OK089353.1	-	-	ORF1a	-	-	ORF1a	ORF1a	-	ORF1a	ORF1a	-	ORF1a	-	ORF1a	-	ORF1a	ORF1b	ORF1b	ORF1b	ORF1b	ORF1b	ORF1b	-	ORF1b	S	-	-	S	S	S	S	S	S	S	S	S	-	ORF3a	ORF3a	M	-	ORF7a	ORF7a	-	ORF7b	-	ORF8	-	-	-	-	-	-	-	-	ORF8	ORF8	N	N	N	N	ORF9b
OK119994.1	-	-	ORF1a	-	-	ORF1a	ORF1a	-	ORF1a	ORF1a	-	ORF1a	-	ORF1a	-	ORF1a	ORF1b	ORF1b	ORF1b	ORF1b	ORF1b	ORF1b	-	ORF1b	S	-	-	S	S	S	S	S	S	S	S	S	-	ORF3a	ORF3a	M	-	ORF7a	ORF7a	-	ORF7b	-	ORF8	-	-	-	-	-	-	-	-	ORF8	ORF8	N	N	N	N	ORF9b
OK089805.1	-	-	ORF1a	-	-	ORF1a	ORF1a	-	ORF1a	ORF1a	-	ORF1a	-	ORF1a	-	ORF1a	ORF1b	ORF1b	ORF1b	ORF1b	ORF1b	ORF1b	-	ORF1b	S	-	-	S	S	S	S	S	S	S	S	S	-	ORF3a	ORF3a	M	-	ORF7a	*No Coverage	*No Coverage	ORF7b	-	-	-	-	-	-	-	-	-	-	ORF8	ORF8	N	N	N	N	ORF9b
OK177772.1	-	-	ORF1a	-	-	ORF1a	ORF1a	-	ORF1a	ORF1a	-	ORF1a	-	ORF1a	-	ORF1a	ORF1b	ORF1b	ORF1b	ORF1b	ORF1b	ORF1b	-	ORF1b	S	-	-	S	S	S	S	S	S	S	S	S	-	ORF3a	ORF3a	M	-	ORF7a	ORF7a	-	ORF7b	-	ORF8	-	-	-	-	-	-	-	-	ORF8	ORF8	N	N	N	N	ORF9b
OK177797.1	-	-	ORF1a	-	-	ORF1a	ORF1a	-	ORF1a	ORF1a	-	ORF1a	-	ORF1a	-	ORF1a	ORF1b	ORF1b	ORF1b	ORF1b	ORF1b	ORF1b	-	ORF1b	S	-	-	S	S	S	S	S	S	S	S	S	-	ORF3a	ORF3a	M	-	ORF7a	ORF7a	-	ORF7b	-	ORF8	-	-	-	-	-	-	-	-	ORF8	ORF8	N	N	N	N	ORF9b
OK177731.1	-	-	ORF1a	-	-	ORF1a	ORF1a	-	ORF1a	ORF1a	-	ORF1a	-	ORF1a	-	ORF1a	ORF1b	ORF1b	ORF1b	ORF1b	ORF1b	ORF1b	-	ORF1b	S	-	-	S	S	S	S	S	S	S	S	S	-	ORF3a	ORF3a	M	-	ORF7a	ORF7a	-	ORF7b	-	ORF8	-	-	-	-	-	-	-	-	ORF8	ORF8	N	N	N	N	ORF9b
OK287000.1	-	-	ORF1a	-	-	ORF1a	ORF1a	-	ORF1a	ORF1a	-	ORF1a	-	ORF1a	-	ORF1a	ORF1b	ORF1b	ORF1b	ORF1b	ORF1b	ORF1b	-	ORF1b	S	-	-	S	S	S	S	S	S	S	S	S	-	ORF3a	ORF3a	M	-	ORF7a	ORF7a	-	ORF7b	-	ORF8	-	-	-	-	-	-	-	-	ORF8	ORF8	N	N	N	N	ORF9b
OK179639.1	-	-	ORF1a	*No Coverage	-	*No Coverage	ORF1a	-	*No Coverage	ORF1a	-	ORF1a	-	ORF1a	-	ORF1a	*No Coverage	ORF1b	ORF1b	ORF1b	ORF1b	ORF1b	-	ORF1b	S	-	-	S	S	S	S	S	S	S	S	S	-	ORF3a	ORF3a	M	*No Coverage	ORF7a	*No Coverage	*No Coverage	ORF7b	-	ORF8	-	-	-	-	-	-	-	-	ORF8	ORF8	N	N	N	N	ORF9b
OK286946.1	-	-	ORF1a	-	-	ORF1a	ORF1a	-	ORF1a	ORF1a	-	ORF1a	-	ORF1a	-	ORF1a	ORF1b	ORF1b	ORF1b	ORF1b	ORF1b	ORF1b	-	ORF1b	S	-	-	S	S	S	S	S	S	S	S	S	-	ORF3a	ORF3a	M	-	ORF7a	ORF7a	-	ORF7b	-	ORF8	-	-	-	-	-	-	-	-	ORF8	ORF8	N	N	N	N	ORF9b
OK352897.1	-	-	ORF1a	-	-	ORF1a	ORF1a	-	ORF1a	ORF1a	-	ORF1a	-	ORF1a	-	ORF1a	ORF1b	ORF1b	ORF1b	ORF1b	ORF1b	ORF1b	-	ORF1b	S	-	-	S	S	S	S	S	S	S	S	S	-	ORF3a	ORF3a	M	-	ORF7a	ORF7a	-	ORF7b	-	ORF8	-	-	-	-	-	-	-	-	ORF8	ORF8	N	N	N	N	ORF9b
OK352904.1	-	-	ORF1a	-	-	ORF1a	ORF1a	-	ORF1a	ORF1a	-	ORF1a	-	ORF1a	-	ORF1a	ORF1b	ORF1b	ORF1b	ORF1b	ORF1b	ORF1b	-	ORF1b	S	-	-	S	S	S	S	S	S	S	S	S	-	ORF3a	ORF3a	M	-	ORF7a	ORF7a	-	ORF7b	-	ORF8	-	-	-	-	-	-	-	-	ORF8	ORF8	N	N	N	N	ORF9b
OK353553.1	-	-	ORF1a	-	-	ORF1a	ORF1a	-	ORF1a	ORF1a	-	ORF1a	-	ORF1a	-	ORF1a	ORF1b	ORF1b	ORF1b	ORF1b	ORF1b	ORF1b	-	ORF1b	S	-	-	S	S	S	S	S	S	S	S	S	-	ORF3a	ORF3a	M	-	ORF7a	ORF7a	-	ORF7b	-	ORF8	-	-	-	-	-	-	-	-	ORF8	ORF8	N	N	N	N	ORF9b
OK352911.1	-	-	ORF1a	-	-	ORF1a	ORF1a	-	ORF1a	ORF1a	-	ORF1a	-	ORF1a	-	ORF1a	ORF1b	ORF1b	ORF1b	ORF1b	ORF1b	ORF1b	-	ORF1b	S	-	-	S	S	S	S	S	S	S	S	S	-	ORF3a	ORF3a	M	-	ORF7a	ORF7a	-	ORF7b	-	ORF8	-	-	-	-	-	-	-	-	ORF8	ORF8	N	N	N	N	ORF9b
OK428453.1	-	-	ORF1a	-	-	ORF1a	ORF1a	-	ORF1a	ORF1a	-	ORF1a	-	ORF1a	-	ORF1a	ORF1b	ORF1b	ORF1b	ORF1b	ORF1b	ORF1b	-	ORF1b	S	-	-	S	S	S	S	S	S	S	S	S	-	ORF3a	ORF3a	M	-	ORF7a	ORF7a	-	ORF7b	-	ORF8	-	-	-	-	-	-	-	-	ORF8	ORF8	N	N	N	N	ORF9b
OK463722.1	-	-	ORF1a	-	-	ORF1a	ORF1a	-	ORF1a	ORF1a	-	ORF1a	-	ORF1a	-	ORF1a	ORF1b	ORF1b	ORF1b	ORF1b	ORF1b	ORF1b	-	ORF1b	S	-	-	S	S	S	S	S	S	S	S	S	-	ORF3a	ORF3a	M	-	ORF7a	ORF7a	-	ORF7b	-	ORF8	-	-	-	-	-	-	-	-	ORF8	ORF8	N	N	N	N	ORF9b
OK443635.1	-	-	ORF1a	-	-	ORF1a	ORF1a	-	ORF1a	ORF1a	-	ORF1a	-	ORF1a	-	ORF1a	ORF1b	ORF1b	ORF1b	ORF1b	ORF1b	ORF1b	-	ORF1b	S	-	-	S	S	S	S	S	S	S	S	S	-	ORF3a	ORF3a	M	-	ORF7a	ORF7a	-	ORF7b	-	ORF8	-	-	-	-	-	-	-	-	ORF8	ORF8	N	N	N	N	ORF9b
OK403350.1	-	-	ORF1a	-	-	ORF1a	ORF1a	-	ORF1a	ORF1a	-	ORF1a	-	ORF1a	-	ORF1a	ORF1b	ORF1b	ORF1b	ORF1b	ORF1b	ORF1b	-	ORF1b	S	-	-	S	S	S	S	S	S	S	S	S	-	ORF3a	ORF3a	M	-	ORF7a	ORF7a	-	ORF7b	-	ORF8	-	-	-	-	-	-	-	-	ORF8	ORF8	N	N	N	N	ORF9b
OK575658.1	-	-	ORF1a	-	-	ORF1a	ORF1a	-	ORF1a	ORF1a	-	ORF1a	-	ORF1a	-	ORF1a	ORF1b	ORF1b	ORF1b	ORF1b	ORF1b	ORF1b	-	ORF1b	S	-	-	S	S	S	S	S	S	S	S	S	-	ORF3a	ORF3a	M	-	ORF7a	*No Coverage	*No Coverage	ORF7b	-	ORF8	-	-	-	-	-	-	-	-	ORF8	ORF8	N	N	N	N	ORF9b
OK443367.1	-	-	ORF1a	-	-	ORF1a	ORF1a	-	ORF1a	ORF1a	-	ORF1a	-	ORF1a	-	ORF1a	ORF1b	ORF1b	ORF1b	ORF1b	ORF1b	ORF1b	-	ORF1b	S	-	-	S	S	S	S	S	S	S	S	S	-	ORF3a	ORF3a	M	-	ORF7a	ORF7a	-	ORF7b	-	ORF8	-	-	-	-	-	-	-	-	ORF8	ORF8	N	N	N	N	ORF9b
OK428432.1	-	-	ORF1a	-	-	ORF1a	ORF1a	-	ORF1a	ORF1a	-	ORF1a	-	ORF1a	-	ORF1a	ORF1b	ORF1b	ORF1b	ORF1b	ORF1b	ORF1b	-	ORF1b	S	-	-	S	S	S	S	S	S	S	S	S	-	ORF3a	ORF3a	M	-	ORF7a	ORF7a	-	ORF7b	-	ORF8	-	-	-	-	-	-	-	-	ORF8	ORF8	N	N	N	N	ORF9b
OK712788.1	-	-	ORF1a	ORF1a	-	ORF1a	ORF1a	-	ORF1a	ORF1a	-	ORF1a	-	ORF1a	-	ORF1a	ORF1b	ORF1b	ORF1b	ORF1b	ORF1b	ORF1b	-	ORF1b	S	-	-	S	S	S	S	S	S	S	S	S	-	ORF3a	ORF3a	M	-	ORF7a	ORF7a	-	ORF7b	-	ORF8	-	-	-	-	-	-	-	-	ORF8	ORF8	N	N	N	N	ORF9b
OK712805.1	-	-	ORF1a	ORF1a	-	ORF1a	ORF1a	-	ORF1a	ORF1a	-	ORF1a	-	ORF1a	-	ORF1a	ORF1b	ORF1b	ORF1b	ORF1b	ORF1b	ORF1b	-	ORF1b	S	-	-	S	S	S	S	S	S	S	S	S	-	ORF3a	ORF3a	M	-	ORF7a	ORF7a	-	ORF7b	-	ORF8	-	-	-	-	-	-	-	-	ORF8	ORF8	N	N	N	N	ORF9b
OK591210.1	-	*No Coverage	ORF1a	-	-	ORF1a	ORF1a	*No Coverage	ORF1a	ORF1a	-	ORF1a	-	ORF1a	*No Coverage	ORF1a	ORF1b	ORF1b	ORF1b	ORF1b	ORF1b	ORF1b	-	ORF1b	S	-	-	S	S	S	S	S	S	S	S	S	-	ORF3a	ORF3a	M	-	ORF7a	*No Coverage	*No Coverage	ORF7b	-	ORF8	-	-	-	-	-	-	-	-	ORF8	ORF8	N	N	N	N	ORF9b
OK712766.1	-	-	ORF1a	ORF1a	-	ORF1a	ORF1a	-	ORF1a	ORF1a	-	ORF1a	-	ORF1a	-	ORF1a	ORF1b	ORF1b	ORF1b	ORF1b	ORF1b	ORF1b	-	ORF1b	S	-	-	S	S	S	S	S	S	S	S	S	-	ORF3a	ORF3a	M	-	ORF7a	ORF7a	-	ORF7b	-	ORF8	-	-	-	-	-	-	-	-	ORF8	ORF8	N	N	N	N	ORF9b
OL304737.1	-	-	ORF1a	ORF1a	-	ORF1a	ORF1a	-	ORF1a	ORF1a	-	ORF1a	-	ORF1a	-	ORF1a	ORF1b	ORF1b	ORF1b	ORF1b	ORF1b	ORF1b	-	ORF1b	S	-	-	S	S	S	S	S	S	S	S	S	-	ORF3a	ORF3a	M	-	ORF7a	ORF7a	-	ORF7b	-	ORF8	-	-	-	-	-	-	-	-	ORF8	ORF8	N	N	N	N	ORF9b
OL360169.1	-	-	ORF1a	-	-	ORF1a	ORF1a	-	ORF1a	ORF1a	-	ORF1a	-	ORF1a	-	ORF1a	ORF1b	ORF1b	ORF1b	ORF1b	ORF1b	ORF1b	-	ORF1b	S	-	-	S	S	S	S	S	S	S	S	S	-	ORF3a	ORF3a	M	-	ORF7a	ORF7a	-	ORF7b	-	ORF8	-	-	-	-	-	-	-	-	ORF8	ORF8	N	N	N	N	ORF9b
OL545631.1	-	-	ORF1a	-	-	ORF1a	ORF1a	-	ORF1a	ORF1a	-	ORF1a	-	ORF1a	-	ORF1a	ORF1b	ORF1b	ORF1b	ORF1b	ORF1b	ORF1b	-	ORF1b	S	-	-	S	S	S	S	S	S	S	S	S	-	ORF3a	ORF3a	M	-	ORF7a	*No Coverage	*No Coverage	ORF7b	-	ORF8	-	-	-	-	-	-	-	-	ORF8	ORF8	N	N	N	N	ORF9b
OL406756.1	-	-	ORF1a	-	-	ORF1a	ORF1a	-	ORF1a	ORF1a	-	ORF1a	-	ORF1a	-	ORF1a	ORF1b	ORF1b	ORF1b	ORF1b	ORF1b	ORF1b	-	ORF1b	S	-	-	S	S	S	S	S	S	S	S	S	-	ORF3a	ORF3a	M	-	ORF7a	*No Coverage	*No Coverage	ORF7b	-	ORF8	-	-	-	-	-	-	-	-	ORF8	ORF8	N	N	N	N	ORF9b
OL545998.1	-	-	ORF1a	-	-	ORF1a	ORF1a	-	ORF1a	ORF1a	-	ORF1a	-	ORF1a	-	ORF1a	ORF1b	ORF1b	ORF1b	ORF1b	ORF1b	ORF1b	-	ORF1b	S	-	-	S	S	S	S	S	S	S	S	S	-	ORF3a	ORF3a	M	-	ORF7a	ORF7a	*No Coverage	ORF7b	-	ORF8	-	-	-	-	-	-	-	-	ORF8	ORF8	N	N	N	N	ORF9b
OL564517.1	-	-	ORF1a	-	-	ORF1a	ORF1a	-	ORF1a	ORF1a	-	ORF1a	-	ORF1a	ORF1a	ORF1a	ORF1b	ORF1b	ORF1b	ORF1b	ORF1b	ORF1b	-	ORF1b	S	-	-	S	S	S	S	S	S	S	S	S	-	ORF3a	ORF3a	M	-	ORF7a	ORF7a	-	ORF7b	-	-	-	-	-	-	-	-	-	-	ORF8	ORF8	N	N	N	N	ORF9b
OL546091.1	-	-	ORF1a	-	-	ORF1a	ORF1a	-	ORF1a	ORF1a	-	ORF1a	-	ORF1a	-	ORF1a	ORF1b	ORF1b	ORF1b	ORF1b	ORF1b	ORF1b	-	ORF1b	S	-	-	S	S	S	S	S	S	S	S	S	-	ORF3a	ORF3a	M	-	ORF7a	*No Coverage	*No Coverage	ORF7b	-	ORF8	-	-	-	-	-	-	-	-	ORF8	ORF8	N	N	N	N	ORF9b
OL545701.1	-	-	ORF1a	-	-	ORF1a	ORF1a	-	ORF1a	ORF1a	-	ORF1a	-	ORF1a	-	ORF1a	ORF1b	ORF1b	ORF1b	ORF1b	ORF1b	ORF1b	-	ORF1b	S	-	-	S	S	S	S	S	S	S	S	S	-	ORF3a	ORF3a	M	-	ORF7a	*No Coverage	*No Coverage	ORF7b	-	ORF8	-	-	-	-	-	-	-	-	ORF8	ORF8	N	N	N	N	ORF9b
OL599608.1	-	-	ORF1a	-	-	ORF1a	ORF1a	-	ORF1a	ORF1a	-	ORF1a	-	ORF1a	-	ORF1a	ORF1b	ORF1b	ORF1b	ORF1b	ORF1b	ORF1b	-	ORF1b	S	-	-	S	S	S	S	S	S	S	S	S	-	ORF3a	ORF3a	M	-	ORF7a	ORF7a	-	ORF7b	-	ORF8	-	-	-	-	-	-	-	-	ORF8	ORF8	N	N	N	N	ORF9b
OL662701.1	-	-	ORF1a	ORF1a	-	ORF1a	ORF1a	-	ORF1a	ORF1a	-	ORF1a	-	ORF1a	-	ORF1a	ORF1b	ORF1b	ORF1b	ORF1b	ORF1b	ORF1b	-	ORF1b	S	-	-	S	S	S	S	S	S	S	S	S	-	ORF3a	ORF3a	M	-	ORF7a	*No Coverage	-	ORF7b	-	ORF8	-	-	-	-	-	-	-	-	ORF8	ORF8	N	N	N	N	ORF9b
OL362900.1	-	-	ORF1a	ORF1a	-	ORF1a	ORF1a	-	ORF1a	ORF1a	-	ORF1a	-	ORF1a	-	ORF1a	ORF1b	ORF1b	ORF1b	ORF1b	ORF1b	ORF1b	-	ORF1b	S	-	-	S	S	S	S	S	S	S	S	S	-	ORF3a	ORF3a	M	-	ORF7a	ORF7a	-	ORF7b	-	ORF8	-	-	-	-	-	-	-	-	ORF8	ORF8	N	N	N	N	ORF9b
OL661996.1	-	-	ORF1a	-	-	ORF1a	ORF1a	-	ORF1a	ORF1a	-	ORF1a	-	ORF1a	-	ORF1a	ORF1b	ORF1b	ORF1b	ORF1b	ORF1b	ORF1b	-	ORF1b	S	-	-	S	S	S	S	S	S	S	S	S	-	ORF3a	ORF3a	M	-	ORF7a	*No Coverage	*No Coverage	ORF7b	-	ORF8	-	-	-	-	-	-	-	-	ORF8	ORF8	N	N	N	N	ORF9b
OL662700.1	-	-	ORF1a	-	-	ORF1a	ORF1a	-	ORF1a	ORF1a	-	ORF1a	-	ORF1a	*No Coverage	ORF1a	ORF1b	ORF1b	ORF1b	ORF1b	ORF1b	ORF1b	-	ORF1b	S	-	-	S	S	S	S	S	S	S	S	S	-	ORF3a	ORF3a	M	-	ORF7a	ORF7a	-	ORF7b	-	ORF8	-	-	-	-	-	-	-	-	ORF8	ORF8	N	N	N	N	ORF9b
OL662716.1	-	-	ORF1a	ORF1a	-	ORF1a	ORF1a	-	ORF1a	ORF1a	-	ORF1a	-	ORF1a	-	ORF1a	ORF1b	ORF1b	ORF1b	ORF1b	ORF1b	ORF1b	-	ORF1b	S	-	-	S	S	S	S	S	S	S	S	S	-	ORF3a	ORF3a	M	-	ORF7a	*No Coverage	*No Coverage	ORF7b	-	ORF8	-	-	-	-	-	-	-	-	ORF8	ORF8	N	N	N	N	ORF9b
OL662092.1	-	-	ORF1a	ORF1a	-	ORF1a	ORF1a	-	ORF1a	ORF1a	-	ORF1a	-	ORF1a	-	ORF1a	ORF1b	ORF1b	ORF1b	ORF1b	ORF1b	ORF1b	-	ORF1b	S	-	-	S	S	S	S	S	S	S	S	S	-	ORF3a	ORF3a	M	-	ORF7a	*No Coverage	*No Coverage	ORF7b	-	ORF8	-	-	-	-	-	-	-	-	ORF8	ORF8	N	N	N	N	ORF9b
OP930368.1	-	-	ORF1a	-	-	ORF1a	ORF1a	-	ORF1a	ORF1a	-	ORF1a	-	ORF1a	-	ORF1a	ORF1b	ORF1b	ORF1b	ORF1b	ORF1b	ORF1b	-	ORF1b	S	-	-	S	S	S	S	S	S	S	S	S	-	ORF3a	ORF3a	M	-	ORF7a	ORF7a	-	ORF7b	-	ORF8	-	-	-	-	-	-	-	-	ORF8	ORF8	N	N	N	N	ORF9b
OL718610.1	-	*No Coverage	ORF1a	ORF1a	-	ORF1a	ORF1a	-	ORF1a	ORF1a	-	ORF1a	-	ORF1a	-	ORF1a	ORF1b	ORF1b	ORF1b	ORF1b	ORF1b	ORF1b	-	ORF1b	S	-	-	S	S	S	S	S	S	S	S	S	-	ORF3a	ORF3a	M	-	ORF7a	ORF7a	-	ORF7b	-	ORF8	-	-	-	-	-	-	-	-	ORF8	ORF8	N	N	N	N	ORF9b
OL846289.1	-	*No Coverage	ORF1a	-	-	ORF1a	ORF1a	*No Coverage	ORF1a	ORF1a	-	ORF1a	-	ORF1a	ORF1a	ORF1a	ORF1b	ORF1b	ORF1b	ORF1b	ORF1b	ORF1b	-	ORF1b	S	-	-	S	S	S	S	S	S	S	S	S	-	ORF3a	ORF3a	M	-	ORF7a	*No Coverage	*No Coverage	ORF7b	-	-	-	-	-	-	-	-	-	-	ORF8	ORF8	N	N	N	N	ORF9b
